ID,Agency Name,TikTok ID,Followers,Full Name,Domicile,UID,Phone Number,TikTok Link,Binding Status,Onboarding Date,Month,Notes
802,GOLDEN MAKER,novika_sarii,,DIA NOVIKASARI,,,,https://www.tiktok.com/@novika_sarii,NOT BOUND,,,
803,,_cloudisky,215,,,,,https://www.tiktok.com/@_cloudisky,BOUND,12/10/2025,October,
804,,aadeeee01,"1,285",,,,,https://www.tiktok.com/@aadeeee01,BOUND,24/09/2025,September,
805,BTC MANAGEMENT,makanenak201,,DIO SANDI PRATAMA ,,,,https://www.tiktok.com/@makanenak201,,,,
806,,adrella_0,204,,,,,https://www.tiktok.com/@adrella_0,BOUND,08/11/2025,November,
807,,anggieratih3,"1,014",,,,,https://www.tiktok.com/@anggieratih3,BOUND,08/08/2025,August,
808,,angkasa.rr,"1,582",,,,,https://www.tiktok.com/@angkasa.rr,BOUND,25/09/2025,September,
809,HM Management,amazing0027 ,,Meriyani ,,,,https://www.tiktok.com/@amazing0027 ,,,,
810,HM Management,anyavanya5,"1,055",Anyavanya5,,,,https://www.tiktok.com/@anyavanya5,BOUND,29/10/2025,October,
811,GOLDEN MAKER,asiyp_chiazhio,"2,465",Asi yuni pratiwi,,,,https://www.tiktok.com/@asiyp_chiazhio,BOUND,06/10/2025,October,
812,,baby_el280622,"1,218",,,,,https://www.tiktok.com/@baby_el280622,BOUND,21/09/2025,September,
813,,bayigede99,"4,139",,,,,https://www.tiktok.com/@bayigede99,BOUND,07/10/2025,October,
814,GOLDEN MAKER,@citra_selly,,Citra Selly,,,,https://www.tiktok.com/@@citra_selly,,,,
815,BTC MANAGEMENT,reviewmaknan4,,Evi Agustina,,,,https://www.tiktok.com/@reviewmaknan4,,,,
816,HM Management,antypermatasari6 ,,Anty permata sari ,,,,https://www.tiktok.com/@antypermatasari6 ,,,,
817,,baysaja29,"1,045",,,,,https://www.tiktok.com/@baysaja29,BOUND,12/10/2025,October,
818,HM Management,Ina.rustina41 ,,Ina rustina ,,,,https://www.tiktok.com/@Ina.rustina41 ,,,,
819,HM Management,Cici-ep,,Cici Esa Pratama,,,,https://www.tiktok.com/@Cici-ep,,,,
820,GOLDEN MAKER,nisaseptiani44 ,,Nisa septiani ,,,,https://www.tiktok.com/@nisaseptiani44 ,,,,
821,WH MANAGEMENT,ghiskashakayla ,,Gianida Utari ,,,,https://www.tiktok.com/@ghiskashakayla ,,,,
822,,bayyuu_15,"6,035",,,,,https://www.tiktok.com/@bayyuu_15,BOUND,12/11/2025,November,
823,HM Management,bisnisberjalan0,"1,080",BUDIANTO,,,,https://www.tiktok.com/@bisnisberjalan0,BOUND,24/10/2025,October,
824,HM Management,bocah.mager.trip,141,Afanin Ryandana ,,,,https://www.tiktok.com/@bocah.mager.trip,BOUND,30/10/2025,October,
825,,boedy_woodpeker,"1,377",,,,,https://www.tiktok.com/@boedy_woodpeker,BOUND,25/09/2025,September,
826,BTC MANAGEMENT,barcinlieforefer,,Likristina,,,,https://www.tiktok.com/@barcinlieforefer,,,,
827,BTC MANAGEMENT,blackjsck_v3,,Marshel Mahendra,,,,https://www.tiktok.com/@blackjsck_v3,,,,
828,GOLDEN MAKER,boninurcahyo,"1,722",Boni Nurcahyo,,,,https://www.tiktok.com/@boninurcahyo,BOUND,07/11/2025,November,
829,HM Management,tsyaadeliaa ,,tasya adelia,,,,https://www.tiktok.com/@tsyaadeliaa ,,,,
830,HM Management,makanenak006,,DEDE IKBAL NURHIDAYAT,,,,https://www.tiktok.com/@makanenak006,BOUND,14/10/2025,October,
831,,boxercollection.id,97,,,,,https://www.tiktok.com/@boxercollection.id,BOUND,02/11/2025,November,
832,GOLDEN MAKER,rhanirosma06 ,,Sajida Rhani ,,,,https://www.tiktok.com/@rhanirosma06 ,,,,
833,HM Management,sllaquen ,,tasya adelia,,,,https://www.tiktok.com/@sllaquen ,,,,
834,,reynaldi.060,171846,Reynaldi,,,,https://www.tiktok.com/@reynaldi.060,BOUND,12/05/2025,May,
835,BTC MANAGEMENT,bundaazura77,"1,134",Tiarakurniaputri ,,,,https://www.tiktok.com/@bundaazura77,BOUND,04/11/2025,November,
836,,inimpuyyyy,,,,,,https://www.tiktok.com/@inimpuyyyy,,,,
837,GOLDEN MAKER,zelinezakeysa05 ,,Zeline Zakeysa ,,,,https://www.tiktok.com/@zelinezakeysa05 ,,,,
838,,Bundaaazura ,,,,,,https://www.tiktok.com/@Bundaaazura ,,,,
839,,cahaya_fashionbeauty,"1,302",,,,,https://www.tiktok.com/@cahaya_fashionbeauty,BOUND,04/10/2025,October,
840,,chalattew,407,,,,,https://www.tiktok.com/@chalattew,BOUND,12/11/2025,November,
841,,coffelatte5045,92,,,,,https://www.tiktok.com/@coffelatte5045,BOUND,02/11/2025,November,
842,,cutelattes079,66,,,,,https://www.tiktok.com/@cutelattes079,BOUND,16/10/2025,October,
843,GOLDEN MAKER,d3y218,"1,581",Desi Apriani Ningsih ,,,,https://www.tiktok.com/@d3y218,BOUND,06/10/2025,October,
844,,daan_101,"5,236",,,,,https://www.tiktok.com/@daan_101,BOUND,23/10/2025,October,
845,GOLDEN MAKER,dariceritanyata,"1,032",lulu wulanjanu,,,,https://www.tiktok.com/@dariceritanyata,BOUND,06/09/2025,September,
846,WH MANAGEMENT,deaameliaaaaaaaaa,"1,162",Dea amelia ,,,,https://www.tiktok.com/@deaameliaaaaaaaaa,BOUND,14/04/2025,April,
847,,dessoot,"1,018",,,,,https://www.tiktok.com/@dessoot,BOUND,07/11/2025,November,
848,,dilaluisaa,"5,265",,,,,https://www.tiktok.com/@dilaluisaa,BOUND,11/11/2025,November,
849,,diskonkuy1,"2,622",,,,,https://www.tiktok.com/@diskonkuy1,BOUND,08/10/2025,October,
850,,dndaaw20,"2,113",,,,,https://www.tiktok.com/@dndaaw20,BOUND,08/08/2025,August,
851,,lisa_putri,,,,,,https://www.tiktok.com/@lisa_putri,,,,
852,,e.yanti8,87,,,,,https://www.tiktok.com/@e.yanti8,BOUND,30/10/2025,October,
853,,ekachristiecendana,"1,092",,,,,https://www.tiktok.com/@ekachristiecendana,BOUND,24/09/2025,September,
854,,@she_laa02,,,,,,https://www.tiktok.com/@@she_laa02,,,,
855,,andrarahmad05 ,,,,,,https://www.tiktok.com/@andrarahmad05 ,,,,
856,,erlinseptiana05,1116,Erlin Septiana,,,,https://www.tiktok.com/@erlinseptiana05,BOUND,07/07/2025,July,
857,,gittaevita,1055,Gita evita,,,,https://www.tiktok.com/@gittaevita,BOUND,30/05/2025,May,
858,GOLDEN MAKER,elly.kurniati6,213,Ely kurniati ,,,,https://www.tiktok.com/@elly.kurniati6,BOUND,24/09/2025,September,
859,GOLDEN MAKER,elmatheanaamelia02,858,Elma theana amelia,,,,https://www.tiktok.com/@elmatheanaamelia02,BOUND,01/10/2025,October,
860,,nopri696,1434,Nopriyadi,,,,https://www.tiktok.com/@nopri696,BOUND,30/05/2025,May,
861,,embull99_,359,,,,,https://www.tiktok.com/@embull99_,BOUND,04/08/2025,August,
862,,Marwachstore ,,,,,,https://www.tiktok.com/@Marwachstore ,,,,
863,,esi6769,953,,,,,https://www.tiktok.com/@esi6769,BOUND,22/10/2025,October,
864,,Lenibs ,,,,,,https://www.tiktok.com/@Lenibs ,,,,
865,,hiiswifties ,,,,,,https://www.tiktok.com/@hiiswifties ,,,,
866,,citra_selly,96800,Citra Selly,,,,https://www.tiktok.com/@citra_selly,BOUND,28/05/2025,May,
867,,rixyr_,1620,Ari Setyawan,,,,https://www.tiktok.com/@rixyr_,BOUND,14/05/2025,May,
868,,https://vt.tiktok.com/ZSyWGXcyD/,,,,,,https://www.tiktok.com/@https://vt.tiktok.com/ZSyWGXcyD/,,,,
869,,Dailylifevieera,1370,Ovie noviera,,,,https://www.tiktok.com/@Dailylifevieera,BOUND,09/05/2025,May,
870,BTC MANAGEMENT,fahmi_297,"1,083",M.fahmi,,,,https://www.tiktok.com/@fahmi_297,BOUND,10/10/2025,October,
871,,Ti2n_kh,1015,Titin khotimah,,,,https://www.tiktok.com/@Ti2n_kh,BOUND,21/07/2025,July,
872,,famgorich,"2,641",,,,,https://www.tiktok.com/@famgorich,BOUND,05/06/2025,June,
873,,steventok_,,,,,,https://www.tiktok.com/@steventok_,,,,
874,,ika.damayanti548,1041,Ika damayanti,,,,https://www.tiktok.com/@ika.damayanti548,BOUND,24/07/2025,July,
875,,fbrwlndr_,"1,728",,,,,https://www.tiktok.com/@fbrwlndr_,BOUND,04/11/2025,November,
876,,ce_piaa,,,,,,https://www.tiktok.com/@ce_piaa,,,,
877,,nurhardiantihamzah,1219,Nur hardianti hamzah,,,,https://www.tiktok.com/@nurhardiantihamzah,BOUND,20/05/2025,May,
878,,aninnafiareal,1396,Anin Nafia,,,,https://www.tiktok.com/@aninnafiareal,BOUND,14/05/2025,May,
879,,febty01,153,,,,,https://www.tiktok.com/@febty01,BOUND,13/10/2025,October,
880,,gogogo0891,1103,apriza putri,,,,https://www.tiktok.com/@gogogo0891,BOUND,10/10/2025,October,
881,,ferdi_yansa12,"1,141",,,,,https://www.tiktok.com/@ferdi_yansa12,BOUND,14/11/2025,November,
882,,ratufelice88,1149,Ni Luh Putu Desi Karmani,,,,https://www.tiktok.com/@ratufelice88,BOUND,12/04/2025,April,
883,,akseraa.co,946000,Sulastri,,,,https://www.tiktok.com/@akseraa.co,BOUND,20/05/2025,May,
884,GOLDEN MAKER,frilliegenz,"12,237",Efrillia prastika ,,,,https://www.tiktok.com/@frilliegenz,BOUND,23/08/2025,August,
885,,yes.me.its_wiwin,,,,,,https://www.tiktok.com/@yes.me.its_wiwin,,,,
886,,momons_19,15900,Novita Crestiani,,,,https://www.tiktok.com/@momons_19,BOUND,20/05/2025,May,
887,,mi_apr,,,,,,https://www.tiktok.com/@mi_apr,,,,
888,,canskyy0,8799,Candra Herawan,,,,https://www.tiktok.com/@canskyy0,BOUND,07/07/2025,July,
889,,vivianti_in26,1023,Inge Oktavianti,,,,https://www.tiktok.com/@vivianti_in26,BOUND,21/07/2025,July,
890,,gede_review99,578,,,,,https://www.tiktok.com/@gede_review99,BOUND,27/09/2025,September,
891,,ayudelivia,,,,,,https://www.tiktok.com/@ayudelivia,,,,
892,,aruny_29,34000,Runi ihsani,,,,https://www.tiktok.com/@aruny_29,BOUND,09/05/2025,May,
893,,rositaresaa,6317,Resa Rosita Andriyanti,,,,https://www.tiktok.com/@rositaresaa,BOUND,02/06/2025,June,
894,,ghiskashakayla,"3,456",,,,,https://www.tiktok.com/@ghiskashakayla,BOUND,19/09/2025,September,
895,,cathyyyyy88,1100,Cathyyyyy88,,,,https://www.tiktok.com/@cathyyyyy88,BOUND,17/07/2025,July,
896,,_rereanjani,2003,Retno Anjali,,,,https://www.tiktok.com/@_rereanjani,BOUND,13/05/2025,May,
897,,gifariahmad7,10,,,,,https://www.tiktok.com/@gifariahmad7,BOUND,04/11/2025,November,
898,,Shopipie,1642,Shopi,,,,https://www.tiktok.com/@Shopipie,BOUND,09/05/2025,May,
899,,fitriana.82,5078,,,,,https://www.tiktok.com/@fitriana.82,BOUND,20/06/2025,June,
900,,riskeu7134,182000,Riskeu Tamara,,,,https://www.tiktok.com/@riskeu7134,BOUND,09/07/2025,July,
901,,nidayah_,1001,Nidayah Baharuddin,,,,https://www.tiktok.com/@nidayah_,BOUND,08/05/2025,May,
902,,me.cahaya,109400,Nurhidayah,,,,https://www.tiktok.com/@me.cahaya,BOUND,03/06/2025,June,
903,,jejealfi1104,,,,,,https://www.tiktok.com/@jejealfi1104,,,,
904,,vhii1130,1300,Novita Sari Kusmawaty zebua,,,,https://www.tiktok.com/@vhii1130,BOUND,11/07/2025,July,
905,,livefootball010696,1000,Makmun,,,,https://www.tiktok.com/@livefootball010696,BOUND,11/07/2025,July,
906,,lizerboy4,6000,Umaedi,,,,https://www.tiktok.com/@lizerboy4,BOUND,16/07/2025,July,
907,HM Management,gila.review,"1,178",Bobi Suganda,,,,https://www.tiktok.com/@gila.review,BOUND,21/10/2025,October,
908,,kak_nop,1416,Nopriyadi,,,,https://www.tiktok.com/@kak_nop,BOUND,09/05/2025,May,
909,,glen_arshadeva,9766,Widiawati,,,,https://www.tiktok.com/@glen_arshadeva,BOUND,17/07/2025,July,
910,,iwan.stw_official,10100,Iwan,,,,https://www.tiktok.com/@iwan.stw_official,BOUND,17/07/2025,July,
911,,glenwidi ,,,,,,https://www.tiktok.com/@glenwidi ,,,,
912,,Mpii1812 ,,,,,,https://www.tiktok.com/@Mpii1812 ,,,,
913,,haniprtw_,"4,663",,,,,https://www.tiktok.com/@haniprtw_,BOUND,09/11/2025,November,
914,,mif_2705,99000,Miftahudin,,,,https://www.tiktok.com/@mif_2705,BOUND,21/11/2024,November,
915,,barilmu ,,,,,,https://www.tiktok.com/@barilmu ,,,,
916,,blackjack_v3,6033,Marshel Mahendra,,,,https://www.tiktok.com/@blackjack_v3,BOUND,17/07/2025,July,
917,,springmoon96,1043,Ayu Seri Rezeki,,,,https://www.tiktok.com/@springmoon96,BOUND,12/07/2025,July,
918,,ermachan_,2107,Erma karlina,,,,https://www.tiktok.com/@ermachan_,,,,
919,,masqirman94 ,,,,,,https://www.tiktok.com/@masqirman94 ,,,,
920,,hesti.ny,"2,062",,,,,https://www.tiktok.com/@hesti.ny,BOUND,22/09/2025,September,
921,,maumau99_,21291,MMaulana Malik,,,,https://www.tiktok.com/@maumau99_,BOUND,14/05/2025,May,
922,,ayangaku99_,1205,MMAULANA MALIK,,,,https://www.tiktok.com/@ayangaku99_,BOUND,14/05/2025,May,
923,,ikbar_nb1,"70,678",,,,,https://www.tiktok.com/@ikbar_nb1,BOUND,02/08/2025,August,
924,,83slldewjj0,1814,Muslika,,,,https://www.tiktok.com/@83slldewjj0,BOUND,14/07/2025,July,
925,HM Management,ima_astriani,"5,752",Ima Astriani,,,,https://www.tiktok.com/@ima_astriani,BOUND,26/10/2025,October,
926,,tanilhusna24,3000,Tanil Husna,,,,https://www.tiktok.com/@tanilhusna24,BOUND,08/05/2025,May,
927,,ingi_via26,44,,,,,https://www.tiktok.com/@ingi_via26,BOUND,07/11/2025,November,
928,,lakunasenja,1046,ARI YUNITA ADISTI,,,,https://www.tiktok.com/@lakunasenja,BOUND,11/07/2025,July,
929,,strawbeyrose,2195,Dewi Rohmadani,,,,https://www.tiktok.com/@strawbeyrose,BOUND,09/05/2025,May,
930,,ayuseptisaputri,1002,Ayuseptisaputri,,,,https://www.tiktok.com/@ayuseptisaputri,BOUND,16/07/2025,July,
931,,ininonaa.yuliaa,"15,904",,,,,https://www.tiktok.com/@ininonaa.yuliaa,BOUND,07/11/2025,November,
932,,qiasplspil,,,,,,https://www.tiktok.com/@qiasplspil,,,,
933,,chachayulisyah,2195,Yulisyah Apriyani Ar,,,,https://www.tiktok.com/@chachayulisyah,BOUND,24/07/2025,July,
934,,irenkamsan,396,,,,,https://www.tiktok.com/@irenkamsan,BOUND,07/11/2025,November,
935,,its.michiko,"1,174",,,,,https://www.tiktok.com/@its.michiko,BOUND,09/09/2025,September,
936,,chairul_ak,"7,186",,,,,https://www.tiktok.com/@chairul_ak,BOUND,05/11/2024,November,
937,,ranitarahayu272,"1,764",,,,,https://www.tiktok.com/@ranitarahayu272,BOUND,04/03/2025,March,
938,,anggitrianadewi,"1,067",,,,,https://www.tiktok.com/@anggitrianadewi,BOUND,08/11/2025,November,
939,,lampu7070,"1,381",,,,,https://www.tiktok.com/@lampu7070,BOUND,14/11/2025,November,
940,,wowalaala,"1,026",,,,,https://www.tiktok.com/@wowalaala,BOUND,12/11/2025,November,
941,,shellalesti,"2,325",,,,,https://www.tiktok.com/@shellalesti,BOUND,16/07/2025,July,
942,,raden_ronggo78,"1,060",,,,,https://www.tiktok.com/@raden_ronggo78,BOUND,,,
943,,rizaldi.prasetya8,992,,,,,https://www.tiktok.com/@rizaldi.prasetya8,BOUND,17/11/2025,November,
944,,anakkuli4h,"1,332",,,,,https://www.tiktok.com/@anakkuli4h,BOUND,,,
945,,.rehan.tea,"8,642",,,,,https://www.tiktok.com/@.rehan.tea,BOUND,03/10/2025,October,
946,,nurnurandini18,"1,027",,,,,https://www.tiktok.com/@nurnurandini18,BOUND,18/11/2025,November,
947,,iciiiku,"1,143",,,,,https://www.tiktok.com/@iciiiku,BOUND,,,
948,,melamei_,"1,002",,,,,https://www.tiktok.com/@melamei_,BOUND,,,
949,,theonlyokta_,"2,744",,,,,https://www.tiktok.com/@theonlyokta_,BOUND,02/10/2025,October,
950,,happyy712,"1,589",,,,,https://www.tiktok.com/@happyy712,BOUND,,,
951,,bocill_276,"1,757",,,,,https://www.tiktok.com/@bocill_276,BOUND,,,
952,,meilin.putri05,"1,352",,,,,https://www.tiktok.com/@meilin.putri05,BOUND,27/08/2025,August,
953,,watimawaddah,"3,078",,,,,https://www.tiktok.com/@watimawaddah,BOUND,30/05/2025,May,
954,,hercin16,"9,474",,,,,https://www.tiktok.com/@hercin16,BOUND,11/05/2025,May,
955,,riakenra,"1,060",,,,,https://www.tiktok.com/@riakenra,BOUND,18/11/2025,November,
956,,ndoro_putri17,"1,351",,,,,https://www.tiktok.com/@ndoro_putri17,BOUND,15/11/2025,November,
957,,zairaa2011,"1,762",,,,,https://www.tiktok.com/@zairaa2011,BOUND,,,
958,,azzah.audi04,"1,374",,,,,https://www.tiktok.com/@azzah.audi04,BOUND,10/02/2025,February,
959,,_tongkosong_,"1,096",,,,,https://www.tiktok.com/@_tongkosong_,BOUND,14/11/2025,November,
960,,masahmad093,"2,339",,,,,https://www.tiktok.com/@masahmad093,BOUND,08/09/2025,September,
961,,asiatialleya,"13,890",,,,,https://www.tiktok.com/@asiatialleya,BOUND,10/09/2025,September,
962,,kresyatha,"1,864",,,,,https://www.tiktok.com/@kresyatha,BOUND,18/11/2025,November,
963,,ichanurull,"3,422",,,,,https://www.tiktok.com/@ichanurull,BOUND,,,
964,,mindaa03,"1,813",,,,,https://www.tiktok.com/@mindaa03,BOUND,07/11/2025,November,
965,,assareall,"1,887",,,,,https://www.tiktok.com/@assareall,BOUND,,,
966,,zrwindi,"1,072",,,,,https://www.tiktok.com/@zrwindi,BOUND,16/11/2025,November,
967,,wahyujaketungu,"1,278",,,,,https://www.tiktok.com/@wahyujaketungu,BOUND,21/10/2025,October,
968,,dailyleya2,6,,,,,https://www.tiktok.com/@dailyleya2,BOUND,,,
969,,desstyanaa,"1,061",,,,,https://www.tiktok.com/@desstyanaa,BOUND,15/11/2025,November,
970,,kopikarameeel,"1,078",,,,,https://www.tiktok.com/@kopikarameeel,BOUND,02/10/2025,October,
971,,cingmager_,610,,,,,https://www.tiktok.com/@cingmager_,BOUND,12/11/2025,November,
972,,lilizcynthia,"2,066",,,,,https://www.tiktok.com/@lilizcynthia,BOUND,13/02/2025,February,
973,,lilyy.ww2,"1,014",,,,,https://www.tiktok.com/@lilyy.ww2,BOUND,15/11/2025,November,
974,,putriiftrz_,"1,032",,,,,https://www.tiktok.com/@putriiftrz_,BOUND,12/11/2025,November,
975,,1.imean,"8,002",,,,,https://www.tiktok.com/@1.imean,BOUND,17/11/2025,November,
976,,eni0427,932,,,,,https://www.tiktok.com/@eni0427,BOUND,26/09/2025,September,
977,,ce_piaaa,998,,,,,https://www.tiktok.com/@ce_piaaa,BOUND,12/11/2025,November,
978,,calevan91,"1,298",,,,,https://www.tiktok.com/@calevan91,BOUND,22/07/2025,July,
979,,bebann.ayangg,"1,340",,,,,https://www.tiktok.com/@bebann.ayangg,BOUND,20/10/2025,October,
980,,liaariyanti96,"1,791",,,,,https://www.tiktok.com/@liaariyanti96,BOUND,08/11/2025,November,
981,,.aellsaa,"1,149",,,,,https://www.tiktok.com/@.aellsaa,BOUND,30/08/2025,August,
982,,abee1013,"986,487",,,,,https://www.tiktok.com/@abee1013,BOUND,,,
983,,rahmasuciayu__,"43,745",,,,,https://www.tiktok.com/@rahmasuciayu__,BOUND,,,
984,,me_review19,"10,965",,,,,https://www.tiktok.com/@me_review19,BOUND,12/11/2025,November,
985,,denriszvt,"1,044",,,,,https://www.tiktok.com/@denriszvt,BOUND,05/11/2025,November,
986,,rafa260222,"4,395",,,,,https://www.tiktok.com/@rafa260222,BOUND,22/07/2025,July,
987,,mulyasari0508,"1,615",,,,,https://www.tiktok.com/@mulyasari0508,BOUND,26/09/2025,September,
988,,heidyfitriani,"1,365",,,,,https://www.tiktok.com/@heidyfitriani,BOUND,07/10/2025,October,
989,,istofia.dvy,"1,451",,,,,https://www.tiktok.com/@istofia.dvy,BOUND,17/12/2024,December,
990,,nabilahdnp1998,162,,,,,https://www.tiktok.com/@nabilahdnp1998,BOUND,08/06/2025,June,
991,,fitrianf23,"1,397",,,,,https://www.tiktok.com/@fitrianf23,BOUND,06/05/2025,May,
992,,bhan_28,"1,258",,,,,https://www.tiktok.com/@bhan_28,BOUND,10/11/2025,November,
993,,jajanan_ku123,"1,336",,,,,https://www.tiktok.com/@jajanan_ku123,BOUND,04/10/2025,October,
994,,lie_pad_ma,"2,234",,,,,https://www.tiktok.com/@lie_pad_ma,BOUND,04/11/2025,November,
995,,_linda121,687,,,,,https://www.tiktok.com/@_linda121,BOUND,24/10/2025,October,
996,,hamta.ro,"11,960",,,,,https://www.tiktok.com/@hamta.ro,BOUND,17/06/2025,June,
997,,_diniii23,302,,,,,https://www.tiktok.com/@_diniii23,BOUND,16/11/2025,November,
998,,17.fr_,"1,162",,,,,https://www.tiktok.com/@17.fr_,BOUND,,,
999,,chlorita_29,"18,644",,,,,https://www.tiktok.com/@chlorita_29,BOUND,02/07/2025,July,
1000,,ika.yuliyaningsih,"3,781",,,,,https://www.tiktok.com/@ika.yuliyaningsih,BOUND,02/07/2025,July,
1001,,vennywjy,"166,479",,,,,https://www.tiktok.com/@vennywjy,BOUND,27/05/2025,May,
1002,,brownsugarbobass,"17,200",,,,,https://www.tiktok.com/@brownsugarbobass,BOUND,24/08/2025,August,
1003,,akusitukangreview,"1,487",,,,,https://www.tiktok.com/@akusitukangreview,BOUND,10/05/2025,May,
1004,GOLDEN MAKER,itsmeputriazhar,"2,235",Putri Andriani ,,,,https://www.tiktok.com/@itsmeputriazhar,BOUND,27/09/2025,September,
1005,,endahwulandari91,"1,311",,,,,https://www.tiktok.com/@endahwulandari91,BOUND,05/11/2025,November,
1006,,septiaulandari6,"1,089",,,,,https://www.tiktok.com/@septiaulandari6,BOUND,14/11/2025,November,
1007,,dewifili,918,,,,,https://www.tiktok.com/@dewifili,BOUND,10/11/2025,November,
1008,,skyclaude8,"1,106",,,,,https://www.tiktok.com/@skyclaude8,BOUND,,,
1009,,septikatika5,209,,,,,https://www.tiktok.com/@septikatika5,BOUND,04/11/2025,November,
1010,,privarieee,"1,152",,,,,https://www.tiktok.com/@privarieee,BOUND,14/11/2025,November,
1011,,thorrr244,4,,,,,https://www.tiktok.com/@thorrr244,BOUND,,,
1012,,rehvvki,"1,012",,,,,https://www.tiktok.com/@rehvvki,BOUND,17/11/2025,November,
1013,,jawsz07,955,,,,,https://www.tiktok.com/@jawsz07,BOUND,07/09/2025,September,
1014,,sarinovita114,"1,248",,,,,https://www.tiktok.com/@sarinovita114,BOUND,18/07/2025,July,
1015,,ontymell09,"1,601",,,,,https://www.tiktok.com/@ontymell09,BOUND,06/10/2025,October,
1016,,niaab26,"1,276",,,,,https://www.tiktok.com/@niaab26,BOUND,28/10/2025,October,
1017,,faulina.rdy,"9,171",,,,,https://www.tiktok.com/@faulina.rdy,BOUND,09/11/2025,November,
1018,,aftri_af20,35,,,,,https://www.tiktok.com/@aftri_af20,BOUND,,,
1019,,pinkiieeess,"3,065",,,,,https://www.tiktok.com/@pinkiieeess,BOUND,12/08/2025,August,
1020,,ocaa2081,"1,032",,,,,https://www.tiktok.com/@ocaa2081,BOUND,07/11/2025,November,
1021,,aufawfa97,"2,058",,,,,https://www.tiktok.com/@aufawfa97,BOUND,14/05/2025,May,
1022,,langalba2,"1,214",,,,,https://www.tiktok.com/@langalba2,BOUND,29/09/2025,September,
1023,,spalspill_r,"1,007",,,,,https://www.tiktok.com/@spalspill_r,BOUND,08/11/2025,November,
1024,,embakkuebalok,"1,944",,,,,https://www.tiktok.com/@embakkuebalok,BOUND,15/09/2025,September,
1025,,mahainaroom,"1,725",,,,,https://www.tiktok.com/@mahainaroom,BOUND,11/05/2025,May,
1026,,alesha_pao,88,,,,,https://www.tiktok.com/@alesha_pao,BOUND,06/11/2025,November,
1027,,abi_manyusetiawan,523,,,,,https://www.tiktok.com/@abi_manyusetiawan,BOUND,02/11/2025,November,
1028,,happyholiday083,"1,190",,,,,https://www.tiktok.com/@happyholiday083,BOUND,08/11/2025,November,
1029,,xixiyo13,"1,091",,,,,https://www.tiktok.com/@xixiyo13,BOUND,10/11/2025,November,
1030,,nagi021203,"1,094",,,,,https://www.tiktok.com/@nagi021203,BOUND,07/11/2025,November,
1031,,santi.mbem_,"15,384",,,,,https://www.tiktok.com/@santi.mbem_,BOUND,09/11/2025,November,
1032,,rinni..10,"1,107",,,,,https://www.tiktok.com/@rinni..10,BOUND,07/11/2025,November,
1033,,ria_rizki14,979,,,,,https://www.tiktok.com/@ria_rizki14,BOUND,09/11/2025,November,
1034,,pilotkita1,"1,780",,,,,https://www.tiktok.com/@pilotkita1,BOUND,07/11/2025,November,
1035,,fitrifebriyani.35,618,,,,,https://www.tiktok.com/@fitrifebriyani.35,BOUND,,,
1036,,jelajahjajan1,"1,513",,,,,https://www.tiktok.com/@jelajahjajan1,BOUND,16/10/2025,October,
1037,,kang.nanang0,"18,406",,,,,https://www.tiktok.com/@kang.nanang0,BOUND,23/10/2025,October,
1038,,siaciiii,"1,305",,,,,https://www.tiktok.com/@siaciiii,BOUND,09/11/2025,November,
1039,,naralaba3,"24,767",,,,,https://www.tiktok.com/@naralaba3,BOUND,07/11/2025,November,
1040,,kenzined28,"1,134",,,,,https://www.tiktok.com/@kenzined28,BOUND,28/09/2025,September,
1041,,wahyuutami745,319,,,,,https://www.tiktok.com/@wahyuutami745,BOUND,07/11/2025,November,
1042,,nivalestarisurningsih,"1,438",,,,,https://www.tiktok.com/@nivalestarisurningsih,BOUND,10/05/2025,May,
1043,,lestariniva,"2,987",,,,,https://www.tiktok.com/@lestariniva,BOUND,10/05/2025,May,
1044,,delima_0909,525,,,,,https://www.tiktok.com/@delima_0909,BOUND,04/11/2025,November,
1045,,kerudseler,90,,,,,https://www.tiktok.com/@kerudseler,BOUND,04/11/2025,November,
1046,,andririzkiramadan,257,,,,,https://www.tiktok.com/@andririzkiramadan,BOUND,05/11/2025,November,
1047,,nadhifaalmairaaaa24,"9,147",,,,,https://www.tiktok.com/@nadhifaalmairaaaa24,BOUND,09/11/2025,November,
1048,,brendavheerin,"1,976",,,,,https://www.tiktok.com/@brendavheerin,BOUND,17/07/2025,July,
1049,,mthnrsbrn,"1,649",,,,,https://www.tiktok.com/@mthnrsbrn,BOUND,03/07/2024,July,
1050,,gado_gado21,736,,,,,https://www.tiktok.com/@gado_gado21,BOUND,,,
1051,,nana_shopz93,"1,317",,,,,https://www.tiktok.com/@nana_shopz93,BOUND,26/08/2025,August,
1052,,sindidameliaputri,65,,,,,https://www.tiktok.com/@sindidameliaputri,BOUND,07/11/2025,November,
1053,,rhanirosma06,"3,225",,,,,https://www.tiktok.com/@rhanirosma06,BOUND,07/11/2025,November,
1054,,moh_agus_n_s,"3,069",,,,,https://www.tiktok.com/@moh_agus_n_s,BOUND,15/06/2025,June,
1055,,bakoel_kayujati,"3,071",,,,,https://www.tiktok.com/@bakoel_kayujati,BOUND,13/08/2025,August,
1056,,acc.hzl03,"1,063",,,,,https://www.tiktok.com/@acc.hzl03,BOUND,08/11/2025,November,
1057,,azzura_davina,"1,033",,,,,https://www.tiktok.com/@azzura_davina,BOUND,07/11/2025,November,
1058,,putriimawar,"1,202",,,,,https://www.tiktok.com/@putriimawar,BOUND,04/10/2025,October,
1059,,koh.harry,"4,711",,,,,https://www.tiktok.com/@koh.harry,BOUND,17/05/2025,May,
1060,,nadyaoktvna,"1,078",,,,,https://www.tiktok.com/@nadyaoktvna,BOUND,09/11/2025,November,
1061,,karmila_putri02,"1,934",,,,,https://www.tiktok.com/@karmila_putri02,BOUND,,,
1062,,trpcsri1,"1,714",,,,,https://www.tiktok.com/@trpcsri1,BOUND,,,
1063,,tuhfah.maulana.s,"7,522",,,,,https://www.tiktok.com/@tuhfah.maulana.s,BOUND,06/04/2025,April,
1064,,fyuuu003,110,,,,,https://www.tiktok.com/@fyuuu003,BOUND,,,
1065,GOLDEN MAKER,lenibs,"1,357",Leni,,,,https://www.tiktok.com/@lenibs,BOUND,08/10/2025,October,
1066,,bangenyot,"8,200",,,,,https://www.tiktok.com/@bangenyot,BOUND,22/01/2025,January,
1067,,likristina88,"1,306",,,,,https://www.tiktok.com/@likristina88,BOUND,25/09/2025,September,
1068,,wndaslsblll,"3,741",,,,,https://www.tiktok.com/@wndaslsblll,BOUND,05/11/2025,November,
1069,,yes.its.me_wiwin,"1,245",,,,,https://www.tiktok.com/@yes.its.me_wiwin,BOUND,31/10/2025,October,
1070,,qimora1304,"1,199",,,,,https://www.tiktok.com/@qimora1304,BOUND,,,
1071,,a.n.lena2509,"2,465",,,,,https://www.tiktok.com/@a.n.lena2509,BOUND,,,
1072,,sweetlyy555,"2,884",,,,,https://www.tiktok.com/@sweetlyy555,BOUND,02/11/2025,November,
1073,,explorehotelid,334,,,,,https://www.tiktok.com/@explorehotelid,BOUND,02/11/2025,November,
1074,,acamehra,"1,828",,,,,https://www.tiktok.com/@acamehra,BOUND,,,
1075,,mrcelina14,"1,051",,,,,https://www.tiktok.com/@mrcelina14,BOUND,17/10/2025,October,
1076,,rasma_ar11,"1,349",,,,,https://www.tiktok.com/@rasma_ar11,BOUND,,,
1077,,bingungnyariuser0,"1,382",,,,,https://www.tiktok.com/@bingungnyariuser0,BOUND,13/09/2025,September,
1078,,gadissemende00,"1,574",,,,,https://www.tiktok.com/@gadissemende00,BOUND,,,
1079,,vioooolitavioo,573,,,,,https://www.tiktok.com/@vioooolitavioo,BOUND,,,
1080,,widiyapratiwi34,130,,,,,https://www.tiktok.com/@widiyapratiwi34,BOUND,05/11/2025,November,
1081,,ipuuuuuutz,"1,753",,,,,https://www.tiktok.com/@ipuuuuuutz,BOUND,,,
1082,,ayaacornelia,"1,513",,,,,https://www.tiktok.com/@ayaacornelia,BOUND,,,
1083,,croisantchoklate,"7,056",,,,,https://www.tiktok.com/@croisantchoklate,BOUND,,,
1084,,promogacorr,"1,094",,,,,https://www.tiktok.com/@promogacorr,BOUND,16/11/2025,November,
1085,,heybbymoon,59,,,,,https://www.tiktok.com/@heybbymoon,BOUND,03/11/2025,November,
1086,,lisa_putri22,"5,775",,,,,https://www.tiktok.com/@lisa_putri22,BOUND,12/10/2025,October,
1087,,pngz5tu,"1,037",,,,,https://www.tiktok.com/@pngz5tu,BOUND,06/11/2025,November,
1088,,chika.yra,"2,165",,,,,https://www.tiktok.com/@chika.yra,BOUND,04/11/2025,November,
1089,,chacaslbllh,"2,440",,,,,https://www.tiktok.com/@chacaslbllh,BOUND,,,
1090,,hi.iniyunniii,"1,034",,,,,https://www.tiktok.com/@hi.iniyunniii,BOUND,,,
1091,,bellanbila06,"1,051",,,,,https://www.tiktok.com/@bellanbila06,BOUND,,,
1092,,_april_184,"1,160",,,,,https://www.tiktok.com/@_april_184,BOUND,,,
1093,,cayrca,"5,545",,,,,https://www.tiktok.com/@cayrca,BOUND,,,
1094,HM Management,makanenak006,"1,499",DEDE IKBAL NURHIDAYAT,,,,https://www.tiktok.com/@makanenak006,BOUND,14/10/2025,October,
1095,,makanterus990,54,,,,,https://www.tiktok.com/@makanterus990,BOUND,31/10/2025,October,
1096,,yfxxxx12,243,,,,,https://www.tiktok.com/@yfxxxx12,BOUND,02/11/2025,November,
1097,,wanderstay.id,317,,,,,https://www.tiktok.com/@wanderstay.id,BOUND,04/11/2025,November,
1098,,produkandalan_semua,"1,395",,,,,https://www.tiktok.com/@produkandalan_semua,BOUND,05/11/2025,November,
1099,,april98__4,"1,241",,,,,https://www.tiktok.com/@april98__4,BOUND,,,
1100,,dindasaputrii27,"1,084",,,,,https://www.tiktok.com/@dindasaputrii27,BOUND,,,
1101,,mamaazki27_,"1,553",,,,,https://www.tiktok.com/@mamaazki27_,BOUND,06/10/2025,October,
1102,,apaanlar,131,,,,,https://www.tiktok.com/@apaanlar,BOUND,30/10/2025,October,
1103,,chocolate5383,24,,,,,https://www.tiktok.com/@chocolate5383,BOUND,,,
1104,,hotelinspoid,394,,,,,https://www.tiktok.com/@hotelinspoid,BOUND,02/11/2025,November,
1105,,ayojajan25,"1,080",,,,,https://www.tiktok.com/@ayojajan25,BOUND,21/09/2025,September,
1106,,hmeisella,"1,831",,,,,https://www.tiktok.com/@hmeisella,BOUND,29/09/2025,September,
1107,,opitgirls,"1,260",,,,,https://www.tiktok.com/@opitgirls,BOUND,,,
1108,,ina.rustina41,"1,581",,,,,https://www.tiktok.com/@ina.rustina41,BOUND,01/11/2025,November,
1109,,dhityaaa_02,"1,603",,,,,https://www.tiktok.com/@dhityaaa_02,BOUND,,,
1110,,irma.kids,"1,161",,,,,https://www.tiktok.com/@irma.kids,BOUND,,,
1111,,yee.yr,365,,,,,https://www.tiktok.com/@yee.yr,BOUND,31/10/2025,October,
1112,,vespa_blue8,"1,319",,,,,https://www.tiktok.com/@vespa_blue8,BOUND,31/10/2025,October,
1113,,agun_0993,"1,187",,,,,https://www.tiktok.com/@agun_0993,BOUND,26/10/2025,October,
1114,,mamahnazmii,"1,381",,,,,https://www.tiktok.com/@mamahnazmii,BOUND,24/10/2025,October,
1115,,marcopolo_id4,15,,,,,https://www.tiktok.com/@marcopolo_id4,BOUND,13/10/2025,October,
1116,,dr_vligger,"1,132",,,,,https://www.tiktok.com/@dr_vligger,BOUND,23/10/2025,October,
1117,GOLDEN MAKER,matcha.coffe05,"1,519",Ulfa Indri,,,,https://www.tiktok.com/@matcha.coffe05,BOUND,04/10/2025,October,
1118,,mnda07_,"2,005",,,,,https://www.tiktok.com/@mnda07_,BOUND,,,
1119,GOLDEN MAKER,mecin_28,641,meishin,,,,https://www.tiktok.com/@mecin_28,BOUND,07/11/2025,November,
1120,,nyaakkkkkkkk,"1,038",,,,,https://www.tiktok.com/@nyaakkkkkkkk,BOUND,16/10/2025,October,
1121,,sikhago,"1,016",,,,,https://www.tiktok.com/@sikhago,BOUND,01/08/2025,August,
1122,,juraganspilltiktok,906,,,,,https://www.tiktok.com/@juraganspilltiktok,BOUND,06/10/2025,October,
1123,,wisat07,63,,,,,https://www.tiktok.com/@wisat07,BOUND,25/10/2025,October,
1124,,isna.wati313,"2,799",,,,,https://www.tiktok.com/@isna.wati313,BOUND,25/10/2025,October,
1125,HM Management,mega_anggre,"1,783",Mega Anggreyani ,,,,https://www.tiktok.com/@mega_anggre,BOUND,01/08/2025,August,
1126,,zafzaffams,"32,934",,,,,https://www.tiktok.com/@zafzaffams,BOUND,08/09/2025,September,
1127,,sherlygitagishelah,"2,900",,,,,https://www.tiktok.com/@sherlygitagishelah,BOUND,,,
1128,,myptr1_,"1,339",,,,,https://www.tiktok.com/@myptr1_,BOUND,26/10/2025,October,
1129,,lavanyanyaa,"60,015",,,,,https://www.tiktok.com/@lavanyanyaa,BOUND,29/10/2025,October,
1130,,meracuniiimu,"1,186",,,,,https://www.tiktok.com/@meracuniiimu,BOUND,05/11/2025,November,
1131,,mouwglow,"7,066",,,,,https://www.tiktok.com/@mouwglow,BOUND,,,
1132,,nona_sweett,"1,093",,,,,https://www.tiktok.com/@nona_sweett,BOUND,,,
1133,,bobaacantiikk_,"3,142",,,,,https://www.tiktok.com/@bobaacantiikk_,BOUND,04/08/2025,August,
1134,,nura.....17,"2,869",,,,,https://www.tiktok.com/@nura.....17,BOUND,,,
1135,,echibilqis,"1,941",,,,,https://www.tiktok.com/@echibilqis,BOUND,21/10/2025,October,
1136,,meyy.home,"8,164",,,,,https://www.tiktok.com/@meyy.home,BOUND,28/10/2025,October,
1137,,she_laa02,"1,042",,,,,https://www.tiktok.com/@she_laa02,BOUND,28/10/2025,October,
1138,,tazzkii1,411,,,,,https://www.tiktok.com/@tazzkii1,BOUND,,,
1139,,bundarayyaa,"7,719",,,,,https://www.tiktok.com/@bundarayyaa,BOUND,19/10/2025,October,
1140,,bebygemoy307,426,,,,,https://www.tiktok.com/@bebygemoy307,BOUND,24/10/2025,October,
1141,GOLDEN MAKER,mienis3,"2,766",Amin,,,,https://www.tiktok.com/@mienis3,BOUND,03/07/2024,July,
1142,,windaaja23,686,,,,,https://www.tiktok.com/@windaaja23,BOUND,20/10/2025,October,
1143,,ritaasfitr,"1,361",,,,,https://www.tiktok.com/@ritaasfitr,BOUND,07/11/2025,November,
1144,,gifgoods,"2,861",,,,,https://www.tiktok.com/@gifgoods,BOUND,21/10/2025,October,
1145,,amazing0027,"1,144",,,,,https://www.tiktok.com/@amazing0027,BOUND,22/10/2025,October,
1146,,nung_me,"2,712",,,,,https://www.tiktok.com/@nung_me,BOUND,30/09/2025,September,
1147,,rawr35778,"1,640",,,,,https://www.tiktok.com/@rawr35778,BOUND,28/10/2025,October,
1148,,desi.fadillah37,"2,231",,,,,https://www.tiktok.com/@desi.fadillah37,BOUND,26/09/2025,September,
1149,,putribtg2,"1,591",,,,,https://www.tiktok.com/@putribtg2,BOUND,13/10/2025,October,
1150,,dengwandii,"1,334",,,,,https://www.tiktok.com/@dengwandii,BOUND,19/10/2025,October,
1151,,mpuyy1106,"1,248",,,,,https://www.tiktok.com/@mpuyy1106,BOUND,29/06/2025,June,
1152,,wulansari1804,672,,,,,https://www.tiktok.com/@wulansari1804,BOUND,,,
1153,,darii121,998,,,,,https://www.tiktok.com/@darii121,BOUND,,,
1154,,keponiannnnnnnn,"2,122",,,,,https://www.tiktok.com/@keponiannnnnnnn,BOUND,,,
1155,,ernipuji_5,968,,,,,https://www.tiktok.com/@ernipuji_5,BOUND,16/10/2025,October,
1156,,ns_putra,180,,,,,https://www.tiktok.com/@ns_putra,BOUND,21/10/2025,October,
1157,,putriameldaviena,"1,084",,,,,https://www.tiktok.com/@putriameldaviena,BOUND,30/10/2025,October,
1158,,sllaquen,"1,080",,,,,https://www.tiktok.com/@sllaquen,BOUND,17/10/2025,October,
1159,,cicipratama09_,"1,099",,,,,https://www.tiktok.com/@cicipratama09_,BOUND,17/10/2025,October,
1160,,badgalririhanna_,"3,172",,,,,https://www.tiktok.com/@badgalririhanna_,BOUND,16/10/2025,October,
1161,,bbygirls_031,141,,,,,https://www.tiktok.com/@bbygirls_031,BOUND,22/10/2025,October,
1162,,kopimangkok3,774,,,,,https://www.tiktok.com/@kopimangkok3,BOUND,19/10/2025,October,
1163,,ibunyazevaniaa,664,,,,,https://www.tiktok.com/@ibunyazevaniaa,BOUND,12/10/2025,October,
1164,,namanyashaka,"1,182",,,,,https://www.tiktok.com/@namanyashaka,BOUND,14/10/2025,October,
1165,,kamerajalan_que,"2,184",,,,,https://www.tiktok.com/@kamerajalan_que,BOUND,14/10/2025,October,
1166,,haninas14,594,,,,,https://www.tiktok.com/@haninas14,BOUND,14/10/2025,October,
1167,,fana0223,"1,389",,,,,https://www.tiktok.com/@fana0223,BOUND,,,
1168,,iyaycadang,331,,,,,https://www.tiktok.com/@iyaycadang,BOUND,14/10/2025,October,
1169,HM Management,milaaaasr,"2,372",Mila sari,,,,https://www.tiktok.com/@milaaaasr,BOUND,08/08/2025,August,
1170,,_cccxxi,"5,723",,,,,https://www.tiktok.com/@_cccxxi,BOUND,13/10/2025,October,
1171,,ipar.tawa,"12,400",,,,,https://www.tiktok.com/@ipar.tawa,BOUND,14/10/2025,October,
1172,,aftri_20,627,,,,,https://www.tiktok.com/@aftri_20,BOUND,12/10/2025,October,
1173,,imtrissss,925,,,,,https://www.tiktok.com/@imtrissss,BOUND,14/10/2025,October,
1174,,ratihshop77,"1,575",,,,,https://www.tiktok.com/@ratihshop77,BOUND,14/10/2025,October,
1175,,ekanov.15,"1,281",,,,,https://www.tiktok.com/@ekanov.15,BOUND,14/10/2025,October,
1176,,inmelsi,127,,,,,https://www.tiktok.com/@inmelsi,BOUND,13/10/2025,October,
1177,,novendekor1,"1,095",,,,,https://www.tiktok.com/@novendekor1,BOUND,11/10/2025,October,
1178,,wulandari6955,"1,260",,,,,https://www.tiktok.com/@wulandari6955,BOUND,14/10/2025,October,
1179,,zhirakirannia,"1,109",,,,,https://www.tiktok.com/@zhirakirannia,BOUND,14/10/2025,October,
1180,,kilau02,"2,925",,,,,https://www.tiktok.com/@kilau02,BOUND,29/10/2025,October,
1181,,ms.anss_17,"1,415",,,,,https://www.tiktok.com/@ms.anss_17,BOUND,03/10/2025,October,
1182,,aquarius_______06,"3,602",,,,,https://www.tiktok.com/@aquarius_______06,BOUND,14/10/2025,October,
1183,,nilah_84,"5,911",,,,,https://www.tiktok.com/@nilah_84,BOUND,16/10/2025,October,
1184,,anisachairull,"1,034",,,,,https://www.tiktok.com/@anisachairull,BOUND,14/10/2025,October,
1185,,miranda260101,"5,236",,,,,https://www.tiktok.com/@miranda260101,BOUND,12/10/2025,October,
1186,,angelitacelara2,"2,041",,,,,https://www.tiktok.com/@angelitacelara2,BOUND,,,
1187,,okabiyandaily,"1,198",,,,,https://www.tiktok.com/@okabiyandaily,BOUND,31/05/2025,May,
1188,,mulia_budi09,"3,113",,,,,https://www.tiktok.com/@mulia_budi09,BOUND,30/05/2025,May,
1189,,creator_amatire,"1,463",,,,,https://www.tiktok.com/@creator_amatire,BOUND,17/10/2025,October,
1190,,violavloppiu,"1,156",,,,,https://www.tiktok.com/@violavloppiu,BOUND,,,
1191,,agusmul1908,"28,235",,,,,https://www.tiktok.com/@agusmul1908,BOUND,,,
1192,,gemoyinnn,"19,186",,,,,https://www.tiktok.com/@gemoyinnn,BOUND,11/09/2025,September,
1193,,adivaamelya,"2,933",,,,,https://www.tiktok.com/@adivaamelya,BOUND,12/06/2025,June,
1194,,naufalabiyy14,"1,220",,,,,https://www.tiktok.com/@naufalabiyy14,BOUND,11/10/2025,October,
1195,,windirnj,"1,009",,,,,https://www.tiktok.com/@windirnj,BOUND,13/10/2025,October,
1196,,mirnhaaa1,354,,,,,https://www.tiktok.com/@mirnhaaa1,BOUND,17/10/2025,October,
1197,,lavanyaanasera2521,"1,026",,,,,https://www.tiktok.com/@lavanyaanasera2521,BOUND,13/10/2025,October,
1198,,deameta,"4,903",,,,,https://www.tiktok.com/@deameta,BOUND,09/11/2025,November,
1199,,beritaa.a1,"7,624",,,,,https://www.tiktok.com/@beritaa.a1,BOUND,17/09/2025,September,
1200,,mailaekasaputra,"1,189",,,,,https://www.tiktok.com/@mailaekasaputra,BOUND,22/10/2025,October,
1201,,nidiaaprilia22,"1,447",,,,,https://www.tiktok.com/@nidiaaprilia22,BOUND,03/10/2025,October,
1202,,saipulkalbar82_,"1,788",,,,,https://www.tiktok.com/@saipulkalbar82_,BOUND,17/10/2025,October,
1203,,nopriyadi55,175,,,,,https://www.tiktok.com/@nopriyadi55,BOUND,18/08/2025,August,
1204,,martitin_89,"1,025",,,,,https://www.tiktok.com/@martitin_89,BOUND,10/10/2025,October,
1205,,maulidia_nr,"12,211",,,,,https://www.tiktok.com/@maulidia_nr,BOUND,14/10/2025,October,
1206,,caa0525_,937,,,,,https://www.tiktok.com/@caa0525_,BOUND,04/10/2025,October,
1207,,vallen062,"1,015",,,,,https://www.tiktok.com/@vallen062,BOUND,10/10/2025,October,
1208,,ig.hni.aggrni,"3,720",,,,,https://www.tiktok.com/@ig.hni.aggrni,BOUND,20/08/2025,August,
1209,,agilshantakraz____,"2,152",,,,,https://www.tiktok.com/@agilshantakraz____,BOUND,12/10/2025,October,
1210,GOLDEN MAKER,nulnulshp,884,nur faizah,,,,https://www.tiktok.com/@nulnulshp,BOUND,05/11/2025,November,
1211,,capricorn_girl298,967,,,,,https://www.tiktok.com/@capricorn_girl298,BOUND,10/10/2025,October,
1212,,aulmiftakhul,"1,241",,,,,https://www.tiktok.com/@aulmiftakhul,BOUND,,,
1213,,agunazisirawan,"2,363",,,,,https://www.tiktok.com/@agunazisirawan,BOUND,12/10/2025,October,
1214,,antypermatasari6,"1,168",,,,,https://www.tiktok.com/@antypermatasari6,BOUND,12/10/2025,October,
1215,,mimillhk,"7,770",,,,,https://www.tiktok.com/@mimillhk,BOUND,,,
1216,,hestyyy828,"1,136",,,,,https://www.tiktok.com/@hestyyy828,BOUND,,,
1217,,virgiana_yw,"1,420",,,,,https://www.tiktok.com/@virgiana_yw,BOUND,29/07/2025,July,
1218,,anguzer,"1,267",,,,,https://www.tiktok.com/@anguzer,BOUND,11/10/2025,October,
1219,,kang.travels,"1,232",,,,,https://www.tiktok.com/@kang.travels,BOUND,11/10/2025,October,
1220,,ysintarahmah,303,,,,,https://www.tiktok.com/@ysintarahmah,BOUND,10/10/2025,October,
1221,,nurchamidah419,915,,,,,https://www.tiktok.com/@nurchamidah419,BOUND,13/10/2025,October,
1222,,rrii1701,"1,949",,,,,https://www.tiktok.com/@rrii1701,BOUND,20/10/2025,October,
1223,,staynplay8,934,,,,,https://www.tiktok.com/@staynplay8,BOUND,,,
1224,,oktavyaaz,"1,013",,,,,https://www.tiktok.com/@oktavyaaz,BOUND,13/10/2025,October,
1225,,anjeliput7,"4,193",,,,,https://www.tiktok.com/@anjeliput7,BOUND,11/10/2025,October,
1226,,nisaseptiani44,"1,340",,,,,https://www.tiktok.com/@nisaseptiani44,BOUND,04/10/2025,October,
1227,,windianggraini21,"1,245",,,,,https://www.tiktok.com/@windianggraini21,BOUND,06/10/2025,October,
1228,,beybiipablo,"3,028",,,,,https://www.tiktok.com/@beybiipablo,BOUND,06/10/2025,October,
1229,,media.lidik,"9,924",,,,,https://www.tiktok.com/@media.lidik,BOUND,25/02/2025,February,
1230,GOLDEN MAKER,omjin.theclown,"1,367",Mondy,,,,https://www.tiktok.com/@omjin.theclown,BOUND,07/11/2025,November,
1231,,lizaa_z02,"4,185",,,,,https://www.tiktok.com/@lizaa_z02,BOUND,25/08/2025,August,
1232,,iskanmse9hz,"1,150",,,,,https://www.tiktok.com/@iskanmse9hz,BOUND,05/11/2025,November,
1233,,kandar8947,"1,024",,,,,https://www.tiktok.com/@kandar8947,BOUND,07/11/2025,November,
1234,,nic.ayy,"1,701",,,,,https://www.tiktok.com/@nic.ayy,BOUND,18/07/2025,July,
1235,,dedek.s3,"1,108",,,,,https://www.tiktok.com/@dedek.s3,BOUND,,,
1236,,sekitarkotapalembang,"108,912",,,,,https://www.tiktok.com/@sekitarkotapalembang,BOUND,18/10/2025,October,
1237,,pitasusantiakbar,"2,576",,,,,https://www.tiktok.com/@pitasusantiakbar,BOUND,06/10/2025,October,
1238,,qiaspalspil,572,,,,,https://www.tiktok.com/@qiaspalspil,BOUND,23/10/2025,October,
1239,,rangga_phantom,"1,113",,,,,https://www.tiktok.com/@rangga_phantom,BOUND,08/10/2025,October,
1240,,titaumikalsum,"2,410",,,,,https://www.tiktok.com/@titaumikalsum,BOUND,17/10/2025,October,
1241,,moms_fherdii,"1,255",,,,,https://www.tiktok.com/@moms_fherdii,BOUND,21/09/2025,September,
1242,,makan.enak.201,"1,067",,,,,https://www.tiktok.com/@makan.enak.201,BOUND,09/09/2025,September,
1243,,titin.24_,"1,219",,,,,https://www.tiktok.com/@titin.24_,BOUND,24/08/2025,August,
1244,,degvitt16,"1,139",,,,,https://www.tiktok.com/@degvitt16,BOUND,04/10/2025,October,
1245,,retno477,"1,253",,,,,https://www.tiktok.com/@retno477,BOUND,06/10/2025,October,
1246,,love.hurt7,"4,313",,,,,https://www.tiktok.com/@love.hurt7,BOUND,07/09/2025,September,
1247,HM Management,rania0813,"2,086",Rika Yolanda Sari,,,,https://www.tiktok.com/@rania0813,BOUND,24/10/2025,October,
1248,,vyaa924,"1,135",,,,,https://www.tiktok.com/@vyaa924,BOUND,06/10/2025,October,
1249,,_halomamii,"2,483",,,,,https://www.tiktok.com/@_halomamii,BOUND,04/10/2025,October,
1250,,chochocarame2,952,,,,,https://www.tiktok.com/@chochocarame2,BOUND,06/10/2025,October,
1251,,zelinezakeysa05,"3,152",,,,,https://www.tiktok.com/@zelinezakeysa05,BOUND,06/10/2025,October,
1252,,septa270222,"2,581",,,,,https://www.tiktok.com/@septa270222,BOUND,04/10/2025,October,
1253,,ria_noveliza,545,,,,,https://www.tiktok.com/@ria_noveliza,BOUND,09/10/2025,October,
1254,,sherlyy255,"1,112",,,,,https://www.tiktok.com/@sherlyy255,BOUND,06/10/2025,October,
1255,,rizky.iga.mawarni,"1,088",,,,,https://www.tiktok.com/@rizky.iga.mawarni,BOUND,06/10/2025,October,
1256,,dreamygirls__,"2,395",,,,,https://www.tiktok.com/@dreamygirls__,BOUND,06/10/2025,October,
1257,,ranny_soo2,"1,069",,,,,https://www.tiktok.com/@ranny_soo2,BOUND,23/10/2025,October,
1258,,rek.liburan,"1,322",,,,,https://www.tiktok.com/@rek.liburan,BOUND,04/10/2025,October,
1259,,dik..2000,"1,099",,,,,https://www.tiktok.com/@dik..2000,BOUND,06/10/2025,October,
1260,,putri_oktavia19,"1,184",,,,,https://www.tiktok.com/@putri_oktavia19,BOUND,06/10/2025,October,
1261,,indahnsrr0,"1,196",,,,,https://www.tiktok.com/@indahnsrr0,BOUND,06/10/2025,October,
1262,HM Management,rekamplm,"2,511",Rekam Palembang,,,,https://www.tiktok.com/@rekamplm,BOUND,31/08/2025,August,
1263,,minanruwel,"1,151",,,,,https://www.tiktok.com/@minanruwel,BOUND,08/10/2025,October,
1264,,yaygoods,"1,168",,,,,https://www.tiktok.com/@yaygoods,BOUND,07/10/2025,October,
1265,BTC MANAGEMENT,reviewmakanan4,"1,058",Evi Agustina,,,,https://www.tiktok.com/@reviewmakanan4,BOUND,08/11/2025,November,
1266,,aul.m.t,"10,599",,,,,https://www.tiktok.com/@aul.m.t,BOUND,20/10/2025,October,
1267,,cetha_01,"1,477",,,,,https://www.tiktok.com/@cetha_01,BOUND,20/06/2025,June,
1268,,steventokk_,"1,815",,,,,https://www.tiktok.com/@steventokk_,BOUND,02/10/2025,October,
1269,,maspurrrrrrrrrrrr,647,,,,,https://www.tiktok.com/@maspurrrrrrrrrrrr,BOUND,11/10/2025,October,
1270,,mrd.3,"9,092",,,,,https://www.tiktok.com/@mrd.3,BOUND,02/10/2025,October,
1271,,ferestha.ludin,"1,653",,,,,https://www.tiktok.com/@ferestha.ludin,BOUND,,,
1272,,quella_15,"12,066",,,,,https://www.tiktok.com/@quella_15,BOUND,08/04/2025,April,
1273,,desmawt395,"1,609",,,,,https://www.tiktok.com/@desmawt395,BOUND,25/09/2025,September,
1274,,syasyi97,725,,,,,https://www.tiktok.com/@syasyi97,BOUND,25/09/2025,September,
1275,,ell.artaceh,"111,394",,,,,https://www.tiktok.com/@ell.artaceh,BOUND,27/01/2025,January,
1276,,pemburudiskon73,92,,,,,https://www.tiktok.com/@pemburudiskon73,BOUND,02/10/2025,October,
1277,,aq_donat,"1,238",,,,,https://www.tiktok.com/@aq_donat,BOUND,23/09/2025,September,
1278,,lennnnz15,145,,,,,https://www.tiktok.com/@lennnnz15,BOUND,02/10/2025,October,
1279,,richfailys8,885,,,,,https://www.tiktok.com/@richfailys8,BOUND,,,
1280,,theonlyoneyass,706,,,,,https://www.tiktok.com/@theonlyoneyass,BOUND,,,
1281,,rikirahman591,"4,272",,,,,https://www.tiktok.com/@rikirahman591,BOUND,09/01/2025,January,
1282,,validiorose,"8,106",,,,,https://www.tiktok.com/@validiorose,BOUND,20/09/2025,September,
1283,,masss.gaga,"4,508",,,,,https://www.tiktok.com/@masss.gaga,BOUND,13/12/2024,December,
1284,,rikirahman720,"1,986",,,,,https://www.tiktok.com/@rikirahman720,BOUND,12/10/2025,October,
1285,,gloomypins,"1,007",,,,,https://www.tiktok.com/@gloomypins,BOUND,30/09/2025,September,
1286,,marwachstore,"4,735",,,,,https://www.tiktok.com/@marwachstore,BOUND,09/06/2025,June,
1287,,maritamurti,"1,850",,,,,https://www.tiktok.com/@maritamurti,BOUND,08/10/2025,October,
1288,,riskiseptianii,"1,352",,,,,https://www.tiktok.com/@riskiseptianii,BOUND,11/07/2025,July,
1289,,.dhewi,"5,138",,,,,https://www.tiktok.com/@.dhewi,BOUND,01/10/2025,October,
1290,,2507widyawati,251,,,,,https://www.tiktok.com/@2507widyawati,BOUND,04/10/2025,October,
1291,,wulandari123821,431,,,,,https://www.tiktok.com/@wulandari123821,BOUND,28/09/2025,September,
1292,,debbyyyywww,"1,028",,,,,https://www.tiktok.com/@debbyyyywww,BOUND,01/10/2025,October,
1293,GOLDEN MAKER,risma623,"3,416",Rismawati,,,,https://www.tiktok.com/@risma623,BOUND,26/10/2025,October,
1294,,syahlaazkianailah,"1,210",,,,,https://www.tiktok.com/@syahlaazkianailah,BOUND,22/09/2025,September,
1295,,orez_tgr0,"141,303",,,,,https://www.tiktok.com/@orez_tgr0,BOUND,03/10/2025,October,
1296,,rezkyrama913,"1,194",,,,,https://www.tiktok.com/@rezkyrama913,BOUND,01/10/2025,October,
1297,,ritasugiati09,198,,,,,https://www.tiktok.com/@ritasugiati09,BOUND,06/10/2025,October,
1298,,genzzzsstt011,60,,,,,https://www.tiktok.com/@genzzzsstt011,BOUND,30/09/2025,September,
1299,,beatmodallap_,988,,,,,https://www.tiktok.com/@beatmodallap_,BOUND,26/09/2025,September,
1300,,rreylsaa_,"1,087",,,,,https://www.tiktok.com/@rreylsaa_,BOUND,24/09/2025,September,
1301,,quuenbeauty.17,"9,842",,,,,https://www.tiktok.com/@quuenbeauty.17,BOUND,24/09/2025,September,
1302,BTC MANAGEMENT,safara609,"1,090",fajar pandego ardhi,,,,https://www.tiktok.com/@safara609,BOUND,11/11/2025,November,
1303,,yulindaapriyantii,"2,507",,,,,https://www.tiktok.com/@yulindaapriyantii,BOUND,21/09/2025,September,
1304,,iiii271603,234,,,,,https://www.tiktok.com/@iiii271603,BOUND,23/09/2025,September,
1305,,seputar_promotiktok,4,,,,,https://www.tiktok.com/@seputar_promotiktok,BOUND,07/11/2025,November,
1306,,dangerarea__,582,,,,,https://www.tiktok.com/@dangerarea__,BOUND,24/09/2025,September,
1307,,firmannugraha221,"2,724",,,,,https://www.tiktok.com/@firmannugraha221,BOUND,22/09/2025,September,
1308,,lia_fatwaaini,"3,559",,,,,https://www.tiktok.com/@lia_fatwaaini,BOUND,24/09/2025,September,
1309,,siskachicsumatera,659,,,,,https://www.tiktok.com/@siskachicsumatera,BOUND,23/09/2025,September,
1310,GOLDEN MAKER,shavniamastasia5,476,,,,,https://www.tiktok.com/@shavniamastasia5,BOUND,11/10/2025,October,
1311,,ditaaaaaa_11,"7,697",,,,,https://www.tiktok.com/@ditaaaaaa_11,BOUND,23/09/2025,September,
1312,,raini_2410,755,,,,,https://www.tiktok.com/@raini_2410,BOUND,23/09/2025,September,
1313,,yuni.hendra,"1,182",,,,,https://www.tiktok.com/@yuni.hendra,BOUND,13/09/2025,September,
1314,,tiagustina29,"3,407",,,,,https://www.tiktok.com/@tiagustina29,BOUND,22/09/2025,September,
1315,,fbriynti_2102,"1,132",,,,,https://www.tiktok.com/@fbriynti_2102,BOUND,24/09/2025,September,
1316,,cunnul111,"100,542",,,,,https://www.tiktok.com/@cunnul111,BOUND,12/10/2025,October,
1317,,shindy_128,"1,184",,,,,https://www.tiktok.com/@shindy_128,BOUND,24/09/2025,September,
1318,,zi0212,"1,093",,,,,https://www.tiktok.com/@zi0212,BOUND,24/09/2025,September,
1319,,hellowyouu28,"6,620",,,,,https://www.tiktok.com/@hellowyouu28,BOUND,05/09/2025,September,
1320,,tidein77,"1,144",,,,,https://www.tiktok.com/@tidein77,BOUND,,,
1321,,_yournaaa27,"2,747",,,,,https://www.tiktok.com/@_yournaaa27,BOUND,24/09/2025,September,
1322,,riaherlita22,"6,898",,,,,https://www.tiktok.com/@riaherlita22,BOUND,05/09/2025,September,
1323,,yesiamelia7,"1,443",,,,,https://www.tiktok.com/@yesiamelia7,BOUND,23/09/2025,September,
1324,,ikawdri25,"1,534",,,,,https://www.tiktok.com/@ikawdri25,BOUND,23/09/2025,September,
1325,,ambarshofiaalfhar,"1,079",,,,,https://www.tiktok.com/@ambarshofiaalfhar,BOUND,23/09/2025,September,
1326,,wahyuraniwalorabae,"1,236",,,,,https://www.tiktok.com/@wahyuraniwalorabae,BOUND,24/09/2025,September,
1327,,hasnaazkadinakansha,"1,103",,,,,https://www.tiktok.com/@hasnaazkadinakansha,BOUND,13/10/2025,October,
1328,,spallspillbyc,"1,482",,,,,https://www.tiktok.com/@spallspillbyc,BOUND,29/10/2025,October,
1329,,banggwann7,592,,,,,https://www.tiktok.com/@banggwann7,BOUND,22/09/2025,September,
1330,,ciandella_,"1,158",,,,,https://www.tiktok.com/@ciandella_,BOUND,20/09/2025,September,
1331,,__yrfavgirl,"3,726",,,,,https://www.tiktok.com/@__yrfavgirl,BOUND,,,
1332,,ilylaaaaaa,"1,178",,,,,https://www.tiktok.com/@ilylaaaaaa,BOUND,05/10/2025,October,
1333,,borosbareng,997,,,,,https://www.tiktok.com/@borosbareng,BOUND,20/09/2025,September,
1334,,kyshalsha,"1,143",,,,,https://www.tiktok.com/@kyshalsha,BOUND,,,
1335,,anggadfs,"318,356",,,,,https://www.tiktok.com/@anggadfs,BOUND,,,
1336,,cacachann05_,"1,041",,,,,https://www.tiktok.com/@cacachann05_,BOUND,15/10/2025,October,
1337,,queenarly,"1,025",,,,,https://www.tiktok.com/@queenarly,BOUND,26/09/2025,September,
1338,,tpap07,"1,021",,,,,https://www.tiktok.com/@tpap07,BOUND,28/09/2025,September,
1339,,diana.rosalina86,"1,243",,,,,https://www.tiktok.com/@diana.rosalina86,BOUND,16/10/2025,October,
1340,,mr.chaemp,"1,054",,,,,https://www.tiktok.com/@mr.chaemp,BOUND,,,
1341,,helloasthy,"2,801",,,,,https://www.tiktok.com/@helloasthy,BOUND,07/09/2025,September,
1342,,ernawati16_4,"1,403",,,,,https://www.tiktok.com/@ernawati16_4,BOUND,23/09/2025,September,
1343,,bimbimcat,"13,763",,,,,https://www.tiktok.com/@bimbimcat,BOUND,,,
1344,,mulianasahyadi,"1,477",,,,,https://www.tiktok.com/@mulianasahyadi,BOUND,09/09/2025,September,
1345,,journeytawa,"23,521",,,,,https://www.tiktok.com/@journeytawa,BOUND,,,
1346,,david.cvrio,"1,191",,,,,https://www.tiktok.com/@david.cvrio,BOUND,14/11/2025,November,
1347,,stevhani0107,"1,643",,,,,https://www.tiktok.com/@stevhani0107,BOUND,24/07/2025,July,
1348,,ayuaja9941,"1,054",,,,,https://www.tiktok.com/@ayuaja9941,BOUND,28/09/2025,September,
1349,,circlefish28,"1,139",,,,,https://www.tiktok.com/@circlefish28,BOUND,21/09/2025,September,
1350,,senfess,901,,,,,https://www.tiktok.com/@senfess,BOUND,,,
1351,,ig.ndheintys,"4,157",,,,,https://www.tiktok.com/@ig.ndheintys,BOUND,04/07/2025,July,
1352,,yourbaby0404,"5,362",,,,,https://www.tiktok.com/@yourbaby0404,BOUND,05/09/2025,September,
1353,,wisata.ajaha,"90,829",,,,,https://www.tiktok.com/@wisata.ajaha,BOUND,22/09/2025,September,
1354,,acaiiiiii2910,857,,,,,https://www.tiktok.com/@acaiiiiii2910,BOUND,05/09/2025,September,
1355,,widya_1601,"13,477",,,,,https://www.tiktok.com/@widya_1601,BOUND,20/08/2025,August,
1356,,gracieyuki_,"1,162",,,,,https://www.tiktok.com/@gracieyuki_,BOUND,12/08/2025,August,
1357,,novita.kusuma.dew3,179,,,,,https://www.tiktok.com/@novita.kusuma.dew3,BOUND,12/09/2025,September,
1358,,erfansepian,"1,046",,,,,https://www.tiktok.com/@erfansepian,BOUND,15/09/2025,September,
1359,,yaradanchi,"1,201",,,,,https://www.tiktok.com/@yaradanchi,BOUND,26/10/2025,October,
1360,,adtree_go,"1,072",,,,,https://www.tiktok.com/@adtree_go,BOUND,,,
1361,,namaku_eti,"2,579",,,,,https://www.tiktok.com/@namaku_eti,BOUND,29/06/2025,June,
1362,,mlldaa.__,"2,002",,,,,https://www.tiktok.com/@mlldaa.__,BOUND,,,
1363,,sweettooth228,"1,310",,,,,https://www.tiktok.com/@sweettooth228,BOUND,09/09/2025,September,
1364,,ayonginepyuk,"1,035",,,,,https://www.tiktok.com/@ayonginepyuk,BOUND,08/09/2025,September,
1365,,promo.wisataind,81,,,,,https://www.tiktok.com/@promo.wisataind,BOUND,12/09/2025,September,
1366,,sucimutia005,"1,350",,,,,https://www.tiktok.com/@sucimutia005,BOUND,24/09/2025,September,
1367,,jajanoland,"1,111",,,,,https://www.tiktok.com/@jajanoland,BOUND,02/09/2025,September,
1368,,anggella.10,"110,193",,,,,https://www.tiktok.com/@anggella.10,BOUND,08/09/2025,September,
1369,,dukkan_jazir,"1,458",,,,,https://www.tiktok.com/@dukkan_jazir,BOUND,31/08/2025,August,
1370,,maa_8704,"1,223",,,,,https://www.tiktok.com/@maa_8704,BOUND,04/09/2025,September,
1371,,pamela.honey,"1,411",,,,,https://www.tiktok.com/@pamela.honey,BOUND,17/07/2025,July,
1372,,drmashop4,"1,168",,,,,https://www.tiktok.com/@drmashop4,BOUND,05/09/2025,September,
1373,,lesgowwwspilll,"1,806",,,,,https://www.tiktok.com/@lesgowwwspilll,BOUND,29/07/2025,July,
1374,,20.shery,"4,046",,,,,https://www.tiktok.com/@20.shery,BOUND,27/08/2025,August,
1375,,khanara4,962,,,,,https://www.tiktok.com/@khanara4,BOUND,,,
1376,,bersyiin,"1,986",,,,,https://www.tiktok.com/@bersyiin,BOUND,,,
1377,,etih_sulastri,"1,617",,,,,https://www.tiktok.com/@etih_sulastri,BOUND,17/07/2025,July,
1378,,akk.dhull,"1,049",,,,,https://www.tiktok.com/@akk.dhull,BOUND,25/08/2025,August,
1379,,spillbyme_1,"3,755",,,,,https://www.tiktok.com/@spillbyme_1,BOUND,24/08/2025,August,
1380,,nassssssssss1_,"1,519",,,,,https://www.tiktok.com/@nassssssssss1_,BOUND,,,
1381,,azmihanim_,"1,433",,,,,https://www.tiktok.com/@azmihanim_,BOUND,,,
1382,,teuku_fahmi2,"8,641",,,,,https://www.tiktok.com/@teuku_fahmi2,BOUND,02/05/2025,May,
1383,,shesgurl4,"1,083",,,,,https://www.tiktok.com/@shesgurl4,BOUND,,,
1384,,kangaudireview,"1,322",,,,,https://www.tiktok.com/@kangaudireview,BOUND,05/09/2025,September,
1385,,senjaa62,"1,008",,,,,https://www.tiktok.com/@senjaa62,BOUND,,,
1386,,cilinnuan,"11,809",,,,,https://www.tiktok.com/@cilinnuan,BOUND,,,
1387,,firlisal,"3,268",,,,,https://www.tiktok.com/@firlisal,BOUND,24/10/2025,October,
1388,,xzikram,"4,445",,,,,https://www.tiktok.com/@xzikram,BOUND,,,
1389,,ias.ayesh,"2,807",,,,,https://www.tiktok.com/@ias.ayesh,BOUND,06/09/2025,September,
1390,,mahendra.gazza,"1,079",,,,,https://www.tiktok.com/@mahendra.gazza,BOUND,28/08/2025,August,
1391,,ikaoktaviaa22,"1,508",,,,,https://www.tiktok.com/@ikaoktaviaa22,BOUND,13/09/2025,September,
1392,,diantihamzahya,423,,,,,https://www.tiktok.com/@diantihamzahya,BOUND,23/08/2025,August,
1393,,kangmas_2,"6,234",,,,,https://www.tiktok.com/@kangmas_2,BOUND,15/09/2025,September,
1394,,sweetbilsss,"2,696",,,,,https://www.tiktok.com/@sweetbilsss,BOUND,05/09/2025,September,
1395,,ryu_jinuu,"1,341",,,,,https://www.tiktok.com/@ryu_jinuu,BOUND,14/09/2025,September,
1396,,wandyazhe,"1,563",,,,,https://www.tiktok.com/@wandyazhe,BOUND,03/09/2025,September,
1397,,k.baguspribadi,"1,009",,,,,https://www.tiktok.com/@k.baguspribadi,BOUND,13/10/2025,October,
1398,,candraherawan40,210,,,,,https://www.tiktok.com/@candraherawan40,BOUND,25/08/2025,August,
1399,,daffin_almeer,131,,,,,https://www.tiktok.com/@daffin_almeer,BOUND,26/08/2025,August,
1400,,puujeehh,"5,146",,,,,https://www.tiktok.com/@puujeehh,BOUND,17/08/2025,August,
1401,,callme.fan,"2,675",,,,,https://www.tiktok.com/@callme.fan,BOUND,15/07/2025,July,
1402,,xixixii__,"12,408",,,,,https://www.tiktok.com/@xixixii__,BOUND,19/08/2025,August,
1403,,jakaaa_240,"1,002",,,,,https://www.tiktok.com/@jakaaa_240,BOUND,07/08/2025,August,
1404,,sis.silgumush24,"1,005",,,,,https://www.tiktok.com/@sis.silgumush24,BOUND,07/08/2025,August,
1405,,sweettiee.88,"1,109",,,,,https://www.tiktok.com/@sweettiee.88,BOUND,05/08/2025,August,
1406,,devijuniarti_,"1,315",,,,,https://www.tiktok.com/@devijuniarti_,BOUND,25/08/2025,August,
1407,,naddiaolaa,"8,081",,,,,https://www.tiktok.com/@naddiaolaa,BOUND,05/08/2025,August,
1408,,mikhaylaazzahr,"1,066",,,,,https://www.tiktok.com/@mikhaylaazzahr,BOUND,05/08/2025,August,
1409,,raniasyhrn,"2,042",,,,,https://www.tiktok.com/@raniasyhrn,BOUND,07/08/2025,August,
1410,,dipuyyy06,"1,080",,,,,https://www.tiktok.com/@dipuyyy06,BOUND,18/08/2025,August,
1411,,ohyctr,"1,090",,,,,https://www.tiktok.com/@ohyctr,BOUND,15/07/2025,July,
1412,,taurusgirl1400,"1,176",,,,,https://www.tiktok.com/@taurusgirl1400,BOUND,24/09/2025,September,
1413,,iyn_nasutiion,"3,850",,,,,https://www.tiktok.com/@iyn_nasutiion,BOUND,24/06/2025,June,
1414,,theardajourney,"1,095",,,,,https://www.tiktok.com/@theardajourney,BOUND,06/08/2025,August,
1415,,eja.ejakk,"1,263",,,,,https://www.tiktok.com/@eja.ejakk,BOUND,18/08/2025,August,
1416,,momentbykv20,"1,027",,,,,https://www.tiktok.com/@momentbykv20,BOUND,17/08/2025,August,
1417,,ratiwiarifin18,"2,515",,,,,https://www.tiktok.com/@ratiwiarifin18,BOUND,,,
1418,,.rafri,141,,,,,https://www.tiktok.com/@.rafri,BOUND,12/08/2025,August,
1419,,anaera.kaluna,"1,106",,,,,https://www.tiktok.com/@anaera.kaluna,BOUND,19/08/2025,August,
1420,,yajai058,"4,314",,,,,https://www.tiktok.com/@yajai058,BOUND,16/08/2025,August,
1421,,shifa_fauuu,"3,490",,,,,https://www.tiktok.com/@shifa_fauuu,BOUND,29/05/2025,May,
1422,HM Management,tripnchill.id,"1,074",Afanin Ryandana ,,,,https://www.tiktok.com/@tripnchill.id,BOUND,12/10/2025,October,
1423,,shena25__,"1,900",,,,,https://www.tiktok.com/@shena25__,BOUND,26/05/2025,May,
1424,,faniaputriutami,"3,136",,,,,https://www.tiktok.com/@faniaputriutami,BOUND,,,
1425,,sikarinana_,"5,460",,,,,https://www.tiktok.com/@sikarinana_,BOUND,,,
1426,,bukanreview_,"5,291",,,,,https://www.tiktok.com/@bukanreview_,BOUND,11/02/2025,February,
1427,,movementknow,"1,145",,,,,https://www.tiktok.com/@movementknow,BOUND,,,
1428,,ima.naka,"1,314",,,,,https://www.tiktok.com/@ima.naka,BOUND,04/06/2025,June,
1429,,prtwyf_,"52,475",,,,,https://www.tiktok.com/@prtwyf_,BOUND,31/05/2025,May,
1430,,zaraaaa247,"1,972",,,,,https://www.tiktok.com/@zaraaaa247,BOUND,30/05/2025,May,
1431,,placetogocrb,"1,389",,,,,https://www.tiktok.com/@placetogocrb,BOUND,,,
1432,,shalihajiha,"4,751",,,,,https://www.tiktok.com/@shalihajiha,BOUND,12/06/2025,June,
1433,,adanhiza,"10,544",,,,,https://www.tiktok.com/@adanhiza,BOUND,30/05/2025,May,
1434,,salfiy_,"52,261",,,,,https://www.tiktok.com/@salfiy_,BOUND,03/07/2024,July,
1435,,puudbymonday,"10,540",,,,,https://www.tiktok.com/@puudbymonday,BOUND,02/06/2025,June,
1436,,jajan2627,"1,178",,,,,https://www.tiktok.com/@jajan2627,BOUND,21/06/2025,June,
1437,,maoliddaauliya_,"1,676",,,,,https://www.tiktok.com/@maoliddaauliya_,BOUND,30/05/2025,May,
1438,,raecccaa,"2,443",,,,,https://www.tiktok.com/@raecccaa,BOUND,08/04/2025,April,
1439,,noosugarpls,"10,593",,,,,https://www.tiktok.com/@noosugarpls,BOUND,29/05/2025,May,
1440,,duadaraku3,"12,928",,,,,https://www.tiktok.com/@duadaraku3,BOUND,30/05/2025,May,
1441,,rizkimovie_shop27,"4,928",,,,,https://www.tiktok.com/@rizkimovie_shop27,BOUND,,,
1442,,ownerliebieskincarereal,"5,215",,,,,https://www.tiktok.com/@ownerliebieskincarereal,BOUND,31/10/2025,October,
1443,,sanashz1,"19,270",,,,,https://www.tiktok.com/@sanashz1,BOUND,25/06/2025,June,
1444,,callmebrielle,"1,583",,,,,https://www.tiktok.com/@callmebrielle,BOUND,03/06/2025,June,
1445,,checkinplace,"1,977",,,,,https://www.tiktok.com/@checkinplace,BOUND,04/06/2025,June,
1446,,shellynovitaa6,"1,195",,,,,https://www.tiktok.com/@shellynovitaa6,BOUND,,,
1447,,ararealls_,"1,616",,,,,https://www.tiktok.com/@ararealls_,BOUND,14/07/2025,July,
1448,,sxltedcaaramel_,"1,639",,,,,https://www.tiktok.com/@sxltedcaaramel_,BOUND,24/06/2025,June,
1449,,bubuzee_,"1,021",,,,,https://www.tiktok.com/@bubuzee_,BOUND,01/06/2025,June,
1450,,twilight2112_,"1,058",,,,,https://www.tiktok.com/@twilight2112_,BOUND,13/07/2025,July,
1451,,callmesinnn__,"2,464",,,,,https://www.tiktok.com/@callmesinnn__,BOUND,22/06/2025,June,
1452,,shelly.novita4,"2,855",,,,,https://www.tiktok.com/@shelly.novita4,BOUND,26/06/2025,June,
1453,,udt_art,"2,310",,,,,https://www.tiktok.com/@udt_art,BOUND,,,
1454,,akakjansur,"1,057",,,,,https://www.tiktok.com/@akakjansur,BOUND,09/07/2025,July,
1455,,aloveshop170624,"1,120",,,,,https://www.tiktok.com/@aloveshop170624,BOUND,02/06/2025,June,
1456,,itsmenovi25,"1,790",,,,,https://www.tiktok.com/@itsmenovi25,BOUND,07/07/2025,July,
1457,,aiman_setiawan,"2,885",,,,,https://www.tiktok.com/@aiman_setiawan,BOUND,11/07/2025,July,
1458,,iniozha4,"1,294",,,,,https://www.tiktok.com/@iniozha4,BOUND,,,
1459,,adeefebrii,"2,354",,,,,https://www.tiktok.com/@adeefebrii,BOUND,25/05/2025,May,
1460,,aanniswr,"3,632",,,,,https://www.tiktok.com/@aanniswr,BOUND,05/04/2025,April,
1461,,bangku_dhull,"2,932",,,,,https://www.tiktok.com/@bangku_dhull,BOUND,06/07/2025,July,
1462,,pitradcappucino,"7,009",,,,,https://www.tiktok.com/@pitradcappucino,BOUND,11/05/2025,May,
1463,,cipanut.auuu,"1,684",,,,,https://www.tiktok.com/@cipanut.auuu,BOUND,07/07/2025,July,
1464,,losangelesboyy_,"5,018",,,,,https://www.tiktok.com/@losangelesboyy_,BOUND,12/06/2025,June,
1465,,alwayshappyya17,"1,433",,,,,https://www.tiktok.com/@alwayshappyya17,BOUND,04/06/2025,June,
1466,,jasrai888,"151,491",,,,,https://www.tiktok.com/@jasrai888,BOUND,20/10/2025,October,
1467,,jajanputra,"1,668",,,,,https://www.tiktok.com/@jajanputra,BOUND,07/07/2025,July,
1468,,dutavoucher,"1,797",,,,,https://www.tiktok.com/@dutavoucher,BOUND,05/07/2025,July,
1469,,sobatbercahaya,"2,486",,,,,https://www.tiktok.com/@sobatbercahaya,BOUND,07/07/2025,July,
1470,,dedeaa_3,"7,335",,,,,https://www.tiktok.com/@dedeaa_3,BOUND,12/07/2025,July,
1471,,userrrr362400,"2,301",,,,,https://www.tiktok.com/@userrrr362400,BOUND,11/07/2025,July,
1472,HM Management,tsyaadeliaa,"48,155",tasya adelia,,,,https://www.tiktok.com/@tsyaadeliaa,BOUND,14/10/2025,October,
1473,,melitasurya,"10,158",,,,,https://www.tiktok.com/@melitasurya,BOUND,18/07/2025,July,
1474,,z_mee31,"11,297",,,,,https://www.tiktok.com/@z_mee31,BOUND,14/07/2025,July,
1475,,alfianmuhammad.br,"30,878",,,,,https://www.tiktok.com/@alfianmuhammad.br,BOUND,16/07/2025,July,
1476,,picmudambg,"6,843",,,,,https://www.tiktok.com/@picmudambg,BOUND,17/07/2025,July,
1477,,zerin_115,"14,630",,,,,https://www.tiktok.com/@zerin_115,BOUND,15/07/2025,July,
1478,,dennayjajan,170,,,,,https://www.tiktok.com/@dennayjajan,BOUND,,,
1479,,tokonesti,"1,420",,,,,https://www.tiktok.com/@tokonesti,BOUND,15/07/2025,July,
1480,,thlipsix,"42,768",,,,,https://www.tiktok.com/@thlipsix,BOUND,16/07/2025,July,
1481,,rensa9_0,"1,942",,,,,https://www.tiktok.com/@rensa9_0,BOUND,05/04/2025,April,
1482,,noviatiar,"48,803",,,,,https://www.tiktok.com/@noviatiar,BOUND,14/07/2025,July,
1483,,eciiyeey,"1,791",,,,,https://www.tiktok.com/@eciiyeey,BOUND,18/07/2025,July,
1484,,faris_van_borneo,"7,131",,,,,https://www.tiktok.com/@faris_van_borneo,BOUND,20/06/2025,June,
1485,,furayahome,"5,212",,,,,https://www.tiktok.com/@furayahome,BOUND,16/07/2025,July,
1486,,elya_tami,"6,267",,,,,https://www.tiktok.com/@elya_tami,BOUND,14/11/2025,November,
1487,,highsteveminecraft,"211,604",,,,,https://www.tiktok.com/@highsteveminecraft,BOUND,16/07/2025,July,
1488,,juniorjunioo,"1,884",,,,,https://www.tiktok.com/@juniorjunioo,BOUND,18/07/2025,July,
1489,,kangaw_,"1,558",,,,,https://www.tiktok.com/@kangaw_,BOUND,18/07/2025,July,
1490,,ariza1708,426,,,,,https://www.tiktok.com/@ariza1708,BOUND,,,
1491,,andishop123,"1,260",,,,,https://www.tiktok.com/@andishop123,BOUND,17/07/2025,July,
1492,,jokosettu,"3,768",,,,,https://www.tiktok.com/@jokosettu,BOUND,,,
1493,,licaaaannn,"3,077",,,,,https://www.tiktok.com/@licaaaannn,BOUND,09/06/2025,June,
1494,,bagusriadii,"1,354",,,,,https://www.tiktok.com/@bagusriadii,BOUND,17/07/2025,July,
1495,,itsmommyelaine,"1,880",,,,,https://www.tiktok.com/@itsmommyelaine,BOUND,18/07/2025,July,
1496,,yunita.dewikha,"2,001",,,,,https://www.tiktok.com/@yunita.dewikha,BOUND,18/07/2025,July,
1497,,liaaa_h2,"3,534",,,,,https://www.tiktok.com/@liaaa_h2,BOUND,,,
1498,,ajicakrabuana14,"4,965",,,,,https://www.tiktok.com/@ajicakrabuana14,BOUND,18/07/2025,July,
1499,,acihhh.__,984,,,,,https://www.tiktok.com/@acihhh.__,BOUND,16/07/2025,July,
1500,,yogitilil_aisyah,"56,686",,,,,https://www.tiktok.com/@yogitilil_aisyah,BOUND,28/07/2025,July,
1501,,by.nishaa,"3,422",,,,,https://www.tiktok.com/@by.nishaa,BOUND,17/07/2025,July,
1502,,namiraa_11,"5,717",,,,,https://www.tiktok.com/@namiraa_11,BOUND,,,
1503,,sandoraa_21,"1,150",,,,,https://www.tiktok.com/@sandoraa_21,BOUND,24/07/2025,July,
1504,,linhwa77,"1,994",,,,,https://www.tiktok.com/@linhwa77,BOUND,24/07/2025,July,
1505,,celanajeansp,"1,631",,,,,https://www.tiktok.com/@celanajeansp,BOUND,27/07/2025,July,
1506,,hy_fikaa,"246,374",,,,,https://www.tiktok.com/@hy_fikaa,BOUND,18/03/2025,March,
1507,,properti.asik07,"24,500",,,,,https://www.tiktok.com/@properti.asik07,BOUND,21/07/2025,July,
1508,,qoria.r,"1,542",,,,,https://www.tiktok.com/@qoria.r,BOUND,25/07/2025,July,
1509,,candrasky13,"1,243",,,,,https://www.tiktok.com/@candrasky13,BOUND,21/07/2025,July,
1510,,nvitsarii29_,846,,,,,https://www.tiktok.com/@nvitsarii29_,BOUND,23/07/2025,July,
1511,,ftriasvvv,"3,127",,,,,https://www.tiktok.com/@ftriasvvv,BOUND,21/07/2025,July,
1512,,kaylaamalikaa,"1,170",,,,,https://www.tiktok.com/@kaylaamalikaa,BOUND,16/07/2025,July,
1513,,mull77_,"1,747",,,,,https://www.tiktok.com/@mull77_,BOUND,,,
1514,BTC MANAGEMENT,umisadiyah75,"1,141",Halimatus sa'diyah,,,,https://www.tiktok.com/@umisadiyah75,BOUND,19/09/2025,September,
1515,,laito_akamaki,"5,770",,,,,https://www.tiktok.com/@laito_akamaki,BOUND,11/08/2025,August,
1516,,ceyotravel,999,,,,,https://www.tiktok.com/@ceyotravel,BOUND,05/08/2025,August,
1517,,c1mol08,"5,164",,,,,https://www.tiktok.com/@c1mol08,BOUND,17/06/2025,June,
1518,,hanadierja,"1,040",,,,,https://www.tiktok.com/@hanadierja,BOUND,31/07/2025,July,